hash	name	size	alignment	members
12c7212f	12c7212f	4	4	1
13fbe3f1	13fbe3f1	72	4	5
15cf74d6	15cf74d6	12	4	7
17b9083a	17b9083a	8	4	2
1c45d636	1c45d636	64	8	11
1f0b6202	1f0b6202	16	8	2
22fa9c69	22fa9c69	64	8	14
295933be	295933be	64	8	2
29786bee	29786bee	16	8	2
298bbcef	298bbcef	96	8	16
29a36db0	29a36db0	280	8	6
2cdec6d5	2cdec6d5	136	8	2
2f79ad03	2f79ad03	20	4	5
33b9ccb5	33b9ccb5	4	4	1
34f2f276	34f2f276	24	8	3
3c3534e5	3c3534e5	12	4	3
3e4575ad	3e4575ad	160	8	11
40b6652f	40b6652f	48	8	8
430ca328	430ca328	48	8	2
4363c737	4363c737	16	4	4
4634a5	4634a5	16	4	5
46b8cbc2	46b8cbc2	16	8	1
4a423019	4a423019	8	4	2
4c18de6f	4c18de6f	12	4	3
4d699eb3	4d699eb3	692	4	8
50871b8a	50871b8a	28	4	7
50f9fa5f	50f9fa5f	16	8	3
510768d6	510768d6	40	4	10
51a2850a	51a2850a	36	4	5
538fc743	538fc743	8	4	2
56683d97	56683d97	96	4	11
56d1e4f	56d1e4f	4	4	1
5f3ea0bf	5f3ea0bf	60	4	9
5fe0ab63	5fe0ab63	12	4	3
6056c915	6056c915	128	4	10
62c74eda	62c74eda	8	4	2
62fecbf9	62fecbf9	8	4	2
6386883c	6386883c	12	4	3
645e23f8	645e23f8	32	8	3
6b82446	6b82446	24	4	6
6c900d52	6c900d52	8	4	5
6cc4fe48	6cc4fe48	64	8	3
6f1a9c9e	6f1a9c9e	100	4	2
6f9abd0	6f9abd0	16	8	1
71090fef	71090fef	40	4	7
7475728b	7475728b	72	8	7
77000429	77000429	24	4	4
77fa3705	77fa3705	12	4	3
786c177b	786c177b	12	4	3
793b16ee	793b16ee	60	4	9
7a7cd3e	7a7cd3e	12	4	3
7b57ddc3	7b57ddc3	12	4	4
7bc5778f	7bc5778f	20	4	5
7d00aa16	7d00aa16	36	4	7
7e3821f0	7e3821f0	24	4	3
7fdc1db9	7fdc1db9	4	4	1
81e38472	81e38472	24	8	4
84bb7703	84bb7703	20	4	5
862d83aa	862d83aa	20	4	3
8768de0	8768de0	96	4	9
88630f9f	88630f9f	56	8	2
89793da3	89793da3	56	4	13
89ab61	89ab61	8	4	2
8bd8f3de	8bd8f3de	104	8	15
8d0a3882	8d0a3882	32	8	3
8fbf49ac	8fbf49ac	16	8	2
9b45b8c1	9b45b8c1	56	8	10
9b4e7037	9b4e7037	52	4	4
9b5258f1	9b5258f1	8	8	1
9d5efa1c	9d5efa1c	28	4	3
9d77dc0b	9d77dc0b	32	4	6
9ddd1be2	9ddd1be2	24	8	5
9e0f7a22	9e0f7a22	408	8	2
9e685a2e	9e685a2e	8	4	2
AbilityComponent	AbilityComponent	32	4	1
AbilityComponentData	AbilityComponentData	62976	8	2
AbilityDamageZoneComponent	AbilityDamageZoneComponent	4	4	1
AbilitySettings	AbilitySettings	40	8	8
AbilityWeaponComponent	AbilityWeaponComponent	88	8	3
AbilityWeaponComponentData	AbilityWeaponComponentData	1080	8	2
ActionSlideMovementInfo	ActionSlideMovementInfo	24	4	6
ActiveAimConstraint	ActiveAimConstraint	4	4	1
ActiveEffectSettings	ActiveEffectSettings	56	8	3
ActorGoreOverride	ActorGoreOverride	8	4	1
AiAlertComponent	AiAlertComponent	4	4	1
AiCharacterComponent	AiCharacterComponent	80	4	13
AiCharacterComponentData	AiCharacterComponentData	22288	8	2
AiCoverComponent	AiCoverComponent	1	1	1
AiCoverComponentData	AiCoverComponentData	496	8	2
AiEnemyBarkAbility	AiEnemyBarkAbility	8	4	2
AiEnemyBarks	AiEnemyBarks	64	4	8
AiEnemyBudgetComponent	AiEnemyBudgetComponent	4	4	1
AiEnemyChargeSettings	AiEnemyChargeSettings	44	4	8
AiEnemyCloakSettings	AiEnemyCloakSettings	20	4	6
AiEnemyCombatSettings	AiEnemyCombatSettings	144	4	17
AiEnemyCombatStrafeLocomotionSettings	AiEnemyCombatStrafeLocomotionSettings	36	4	6
AiEnemyComponent	AiEnemyComponent	732	4	56
AiEnemyComponentData	AiEnemyComponentData	120712	8	2
AiEnemyFlankSettings	AiEnemyFlankSettings	16	4	4
AiEnemyFollowCurveAnimEvent	AiEnemyFollowCurveAnimEvent	8	4	2
AiEnemyFollowCurveSettings	AiEnemyFollowCurveSettings	52	4	6
AiEnemyGuardSettings	AiEnemyGuardSettings	36	4	4
AiEnemyInvestigateSettings	AiEnemyInvestigateSettings	40	4	6
AiEnemyObstacleAbilities	AiEnemyObstacleAbilities	20	4	5
AiEnemyPatrolSettings	AiEnemyPatrolSettings	24	4	3
AiEnemyPlantedSettings	AiEnemyPlantedSettings	8	4	2
AiEnemyRepositionSettings	AiEnemyRepositionSettings	32	4	8
AiEnemyRetreatSettings	AiEnemyRetreatSettings	32	4	5
AiEnemyStateMovementSettings	AiEnemyStateMovementSettings	16	4	4
AiEnemyVOIdleSettings	AiEnemyVOIdleSettings	72	4	18
AiJobComponent	AiJobComponent	4	4	1
AiSensorAABB	AiSensorAABB	12	4	3
AiSpawnerComponent	AiSpawnerComponent	196	4	33
AiSpawnerComponentData	AiSpawnerComponentData	7528	8	2
AiSquadBehaviorComponent	AiSquadBehaviorComponent	4	4	1
AiSquadBehaviorComponentData	AiSquadBehaviorComponentData	760	8	2
AiSquadComponent	AiSquadComponent	112	8	4
AiSquadComponentData	AiSquadComponentData	3024	8	2
AiSquadMemberComponent	AiSquadMemberComponent	12	4	3
AiSquadMemberComponentData	AiSquadMemberComponentData	6560	8	2
AiSquadMembers	AiSquadMembers	16	8	3
AiSteeringProperties	AiSteeringProperties	32	4	8
AimConstraintInfo	AimConstraintInfo	28	4	7
AirborneNavigationComponent	AirborneNavigationComponent	140	4	4
AirborneNavigationComponentData	AirborneNavigationComponentData	176	8	2
AlignmentLimits	AlignmentLimits	16	4	4
AnimationComponent	AnimationComponent	112	4	4
AnimationComponentData	AnimationComponentData	109440	8	2
AnimationEventTrigger	AnimationEventTrigger	136	8	8
AnimationEventTriggerSetting	AnimationEventTriggerSetting	24	8	2
AnimationEventTriggerSettings	AnimationEventTriggerSettings	16	8	1
AnimationMergeOptions	AnimationMergeOptions	12	4	3
AnimationVariable	AnimationVariable	12	4	4
ArcInfo	ArcInfo	104	8	21
ArcSettings	ArcSettings	16	8	1
ArcWeaponComponent	ArcWeaponComponent	80	8	11
ArcWeaponComponentData	ArcWeaponComponentData	1200	8	2
AttachableComponent	AttachableComponent	64	4	16
AttachableComponentData	AttachableComponentData	77088	8	2
AttackPatternComponent	AttackPatternComponent	2176	8	1
AttackPatternComponentData	AttackPatternComponentData	2208	8	2
AttackPatternSettings	AttackPatternSettings	272	8	4
AudioEvents	AudioEvents	172	4	43
AudioTriggers	AudioTriggers	28	4	10
AvatarComponent	AvatarComponent	852	4	28
AvatarComponentData	AvatarComponentData	1736	8	2
AvatarInputSettings	AvatarInputSettings	4	4	1
AvatarWeatheringSettings	AvatarWeatheringSettings	20	4	5
BackblastComponent	BackblastComponent	64	8	5
BackblastComponentData	BackblastComponentData	2080	8	2
BackpackComponent	BackpackComponent	1	1	1
BackpackComponentData	BackpackComponentData	1128	8	2
BeamInfo	BeamInfo	112	8	25
BeamOverheatBatteryForceEject	BeamOverheatBatteryForceEject	80	8	6
BeamPrisms	BeamPrisms	16	4	4
BeamSettings	BeamSettings	16	8	1
BeamWeaponComponent	BeamWeaponComponent	120	8	24
BeamWeaponComponentData	BeamWeaponComponentData	3616	8	2
BeamWeaponEffect	BeamWeaponEffect	24	8	3
BehaviorComponent	BehaviorComponent	12	4	3
BehaviorComponentData	BehaviorComponentData	44192	8	2
BodySectionSettings	BodySectionSettings	80	4	3
BoidsComponent	BoidsComponent	152	4	43
BoidsComponentData	BoidsComponentData	4232	8	2
BombardmentComponent	BombardmentComponent	192	8	32
BombardmentComponentData	BombardmentComponentData	5120	8	2
BoosterComponent	BoosterComponent	4	4	1
BoundaryWallEntryPoint	BoundaryWallEntryPoint	16	8	3
BoundaryWallGroup	BoundaryWallGroup	112	8	7
BoundaryWallPiece	BoundaryWallPiece	16	8	2
BoundaryWallSettings	BoundaryWallSettings	184	8	4
BugholeComponent	BugholeComponent	40	8	7
BugholeComponentData	BugholeComponentData	144	8	2
BuoyancyComponent	BuoyancyComponent	232	4	3
BuoyancyComponentData	BuoyancyComponentData	2376	8	2
BuoyancySphereInfo	BuoyancySphereInfo	28	4	5
BurrowerComponent	BurrowerComponent	24	4	3
BurrowerComponentData	BurrowerComponentData	168	8	2
CApiQuaternion	CApiQuaternion	16	4	4
CApiVector2	CApiVector2	8	4	2
CApiVector3	CApiVector3	12	4	3
CApiVector4	CApiVector4	16	4	4
CacheLootTable	CacheLootTable	40	8	6
CacheLootTableEntry	CacheLootTableEntry	48	8	6
CameraEffect	CameraEffect	80	8	12
CameraShake	CameraShake	40	8	7
CameraShakeSettings	CameraShakeSettings	64	8	5
CamouflageSwap	CamouflageSwap	44	4	4
CandidateDescription	CandidateDescription	40	8	5
CandidateDescriptions	CandidateDescriptions	16	8	1
CandidateTierSpeech	CandidateTierSpeech	8	4	2
CannonAimingInfo	CannonAimingInfo	32	8	4
CarryEffectComponent	CarryEffectComponent	20	4	5
CarryEffectComponentData	CarryEffectComponentData	264	8	2
CharacterNameComponent	CharacterNameComponent	16	4	4
CharacterNameComponentData	CharacterNameComponentData	4368	8	2
CharacterTemplateComponent	CharacterTemplateComponent	20	4	5
CharacterTemplateComponentData	CharacterTemplateComponentData	1928	8	2
CharacterVoiceComponent	CharacterVoiceComponent	4	4	1
CharacterVoiceComponentData	CharacterVoiceComponentData	112	8	2
ChargeStateSetting	ChargeStateSetting	24	8	4
ChargingInfo	ChargingInfo	28	4	7
CityLayoutTemplate	CityLayoutTemplate	24	8	2
ClearingPoint	ClearingPoint	16	4	3
ClimbInfo	ClimbInfo	60	4	9
CollisionEventComponent	CollisionEventComponent	32	4	1
CollisionEventComponentData	CollisionEventComponentData	30336	8	2
CollisionEventSetting	CollisionEventSetting	80	8	7
CollisionEventSettings	CollisionEventSettings	16	8	1
CommanderComponent	CommanderComponent	1	1	1
CommanderComponentData	CommanderComponentData	136	8	2
CommendComponent	CommendComponent	4	4	1
ComponentDeltaSettings	ComponentDeltaSettings	12	4	3
ComponentEntityDeltaStorage	ComponentEntityDeltaStorage	80	8	5
ComponentIndexData	ComponentIndexData	16	8	2
ComponentModificationDelta	ComponentModificationDelta	12	4	3
ConvoyComponent	ConvoyComponent	12	4	3
ConvoyComponentData	ConvoyComponentData	48	8	2
CorporationLogo	CorporationLogo	40	8	5
CorporationLogos	CorporationLogos	16	8	1
CorpseComponent	CorpseComponent	4	4	1
CorpseDecayerComponent	CorpseDecayerComponent	8	4	2
CorpseDecayerComponentData	CorpseDecayerComponentData	2360	8	2
CountdownInfo	CountdownInfo	24	4	6
CoverInfo	CoverInfo	88	4	22
CrashingActorInfo	CrashingActorInfo	112	8	17
CreditsRowData	CreditsRowData	64	8	10
CreditsRowSettings	CreditsRowSettings	16	8	1
CurveFollowComponent	CurveFollowComponent	4	4	1
CurveNavigationComponent	CurveNavigationComponent	752	4	31
CurveNavigationComponentData	CurveNavigationComponentData	784	8	2
CustomizationComponent	CustomizationComponent	4	4	1
CutsceneUnitComponent	CutsceneUnitComponent	4	4	1
DamageArmorAngles	DamageArmorAngles	32	4	2
DamageDealerZoneInfo	DamageDealerZoneInfo	192	8	37
DamageInfo	DamageInfo	76	4	8
DamageOwnerComponent	DamageOwnerComponent	4	4	1
DamagePropagatorComponent	DamagePropagatorComponent	4	4	1
DamagePropagatorComponentData	DamagePropagatorComponentData	472	8	2
DamageSettings	DamageSettings	16	8	1
DamageStatusEffectInfo	DamageStatusEffectInfo	8	4	2
DamageZoneInfo	DamageZoneInfo	28	4	5
DamageZoneShieldComponent	DamageZoneShieldComponent	4992	4	14
DamageZoneShieldComponentData	DamageZoneShieldComponentData	35136	8	2
DamageableZone	DamageableZone	552	8	2
DamageableZoneInfo	DamageableZoneInfo	456	8	66
DangerWarningComponent	DangerWarningComponent	12	4	3
DangerWarningComponentData	DangerWarningComponentData	1456	8	2
DeathAnimationSound	DeathAnimationSound	8	4	2
DeathSequenceRepeatRandomness	DeathSequenceRepeatRandomness	8	4	3
DecaySettings	DecaySettings	24	4	6
DecorationComponent	DecorationComponent	640	4	1
DecorationComponentData	DecorationComponentData	672	8	2
DecorationSlot	DecorationSlot	32	4	4
DepositComponent	DepositComponent	152	8	15
DepositComponentData	DepositComponentData	5488	8	2
DestructibleComponent	DestructibleComponent	1	1	1
DestructibleComponentData	DestructibleComponentData	9808	8	2
DestructionEffect	DestructionEffect	88	8	18
DestructionEffectCameraShake	DestructionEffectCameraShake	16	8	2
DestructionEffectDebrisActors	DestructionEffectDebrisActors	40	8	6
DestructionEffectDecay	DestructionEffectDecay	20	4	5
DestructionEffectEvent	DestructionEffectEvent	96	8	2
DestructionEffectExplosion	DestructionEffectExplosion	8	4	2
DestructionEffectForceDestruct	DestructionEffectForceDestruct	24	8	2
DestructionEffectHideAllMeshes	DestructionEffectHideAllMeshes	4	4	1
DestructionEffectImpulseDynamicActors	DestructionEffectImpulseDynamicActors	8	4	2
DestructionEffectRemoveSpeedtreeInstance	DestructionEffectRemoveSpeedtreeInstance	4	4	1
DestructionEffectReplaceSpeedtreeInstance	DestructionEffectReplaceSpeedtreeInstance	8	8	1
DestructionEffectSetGroupVisibility	DestructionEffectSetGroupVisibility	8	4	2
DestructionEffectSetInvulnerable	DestructionEffectSetInvulnerable	4	4	1
DestructionEffectSound	DestructionEffectSound	24	8	4
DestructionEffectSpawnGibs	DestructionEffectSpawnGibs	80	8	4
DestructionEffectSpawnParticles	DestructionEffectSpawnParticles	48	8	6
DestructionEffectStaticAnimation	DestructionEffectStaticAnimation	64	8	11
DestructionEffectSwapVisibilityGroups	DestructionEffectSwapVisibilityGroups	16	4	4
DestructionEmitterBox	DestructionEmitterBox	52	4	6
DestructionEmitterShape	DestructionEmitterShape	56	4	2
DestructionEmitterSphere	DestructionEmitterSphere	44	4	6
DestructionEventLevel	DestructionEventLevel	48	8	5
DestructionGibInfo	DestructionGibInfo	16	8	2
DestructionHashEntry	DestructionHashEntry	16	8	2
DestructionHashMap	DestructionHashMap	16	8	1
DestructionSettings	DestructionSettings	168	8	8
DestructionStatusEffectVolume	DestructionStatusEffectVolume	48	4	8
DestructionTemplate	DestructionTemplate	16	4	4
DestructionTemplates	DestructionTemplates	16	8	1
DetectionInfo	DetectionInfo	12	4	3
DetectorComponent	DetectorComponent	24	4	7
DetectorComponentData	DetectorComponentData	17864	8	2
DisplacementComponent	DisplacementComponent	632	8	39
DisplacementComponentData	DisplacementComponentData	1296	8	2
DistantWarComponent	DistantWarComponent	4	4	1
DistantWarEffect	DistantWarEffect	24	8	4
DistantWarEffectPool	DistantWarEffectPool	48	8	6
DistantWeatherEffects	DistantWeatherEffects	16	8	2
DormancyComponent	DormancyComponent	12	4	3
DormancyComponentData	DormancyComponentData	576	8	2
DrownableComponent	DrownableComponent	64	4	15
DrownableComponentData	DrownableComponentData	5856	8	2
DynamicLightComponent	DynamicLightComponent	12	4	3
DynamicLightComponentData	DynamicLightComponentData	488	8	2
EagleComponent	EagleComponent	152	8	36
EagleComponentData	EagleComponentData	1992	8	2
EagleSpawnerComponent	EagleSpawnerComponent	24	4	6
EagleSpawnerComponentData	EagleSpawnerComponentData	168	8	2
EffectReferenceComponent	EffectReferenceComponent	3912	8	4
EffectReferenceComponentData	EffectReferenceComponentData	2713472	8	2
EffectSetting	EffectSetting	48	8	11
EffectSwitcherComponent	EffectSwitcherComponent	128	4	3
EffectSwitcherComponentData	EffectSwitcherComponentData	160	8	2
ElementDamage	ElementDamage	8	4	2
EmoteComponent	EmoteComponent	4	4	1
EmoteInfo	EmoteInfo	128	8	18
EmoteInputConfiguration	EmoteInputConfiguration	24	4	3
EmoteResponseData	EmoteResponseData	24	4	6
EncounterComponent	EncounterComponent	32	8	6
EncounterComponentData	EncounterComponentData	64	8	2
EncyclopediaEntryComponent	EncyclopediaEntryComponent	56	8	12
EncyclopediaEntryComponentData	EncyclopediaEntryComponentData	58520	8	2
EnemyMigrationComponent	EnemyMigrationComponent	4	4	1
EnemyPackageComponent	EnemyPackageComponent	32	8	4
EnemyPackageComponentData	EnemyPackageComponentData	10112	8	2
EnemyTagSwap	EnemyTagSwap	8	4	2
EntityBindComponent	EntityBindComponent	4	4	1
EntityBindComponentData	EntityBindComponentData	3168	8	2
EntityDeltaSettings	EntityDeltaSettings	8	4	2
EntityDeltaTypeData	EntityDeltaTypeData	16	8	2
EntityNetworkData	EntityNetworkData	8	4	2
EntityNetworkDataArray	EntityNetworkDataArray	14840	4	1
EntitySettings	EntitySettings	32	8	3
EntitySettingsHashmap	EntitySettingsHashmap	131072	8	1
EntitySpawnAttachPointInfo	EntitySpawnAttachPointInfo	200	8	2
EntitySpawnPath	EntitySpawnPath	24	8	3
EntranceInfo	EntranceInfo	8	4	2
EnvironmentSettings	EnvironmentSettings	592	8	30
EnvironmentalEffectTagComponent	EnvironmentalEffectTagComponent	8	4	2
EnvironmentalEffectTagComponentData	EnvironmentalEffectTagComponentData	480	8	2
EnvironmentalHazardComponent	EnvironmentalHazardComponent	20	4	5
EnvironmentalHazardComponentData	EnvironmentalHazardComponentData	680	8	2
EquipmentComponent	EquipmentComponent	232	8	50
EquipmentComponentData	EquipmentComponentData	91048	8	2
EquipmentShowcaseComponent	EquipmentShowcaseComponent	88	4	10
EquipmentShowcaseComponentData	EquipmentShowcaseComponentData	19920	8	2
EquipmentTagInfo	EquipmentTagInfo	12	4	3
ExertionLevelInfo	ExertionLevelInfo	52	4	13
ExertionVoParams	ExertionVoParams	28	4	7
ExpandableCoverComponent	ExpandableCoverComponent	164	4	2
ExpandableCoverComponentData	ExpandableCoverComponentData	392	8	2
ExpandableCoverWallInfo	ExpandableCoverWallInfo	40	4	7
ExplorationData	ExplorationData	16	8	2
ExplorationLevel	ExplorationLevel	40	8	7
ExplorationRewardComponent	ExplorationRewardComponent	24	4	6
ExplorationRewardComponentData	ExplorationRewardComponentData	336	8	2
ExplorationSettings	ExplorationSettings	40	8	4
ExplorationSpawnLayer	ExplorationSpawnLayer	20	4	6
ExplorationSpawnLimit	ExplorationSpawnLimit	8	4	2
ExplosionInfo	ExplosionInfo	152	8	40
ExplosionSettings	ExplosionSettings	16	8	1
ExplosiveComponent	ExplosiveComponent	360	8	33
ExplosiveComponentData	ExplosiveComponentData	28192	8	2
ExternalSwitchesInfo	ExternalSwitchesInfo	4	4	1
ExtractionZoneComponent	ExtractionZoneComponent	2	1	2
ExtractionZoneComponentData	ExtractionZoneComponentData	104	8	2
FactionComponent	FactionComponent	152	8	10
FactionComponentData	FactionComponentData	97304	8	2
FactionInfo	FactionInfo	4	4	1
FakeGravityMotionComponent	FakeGravityMotionComponent	28	4	5
FakeGravityMotionComponentData	FakeGravityMotionComponentData	360	8	2
FakeTankVehicleComponent	FakeTankVehicleComponent	12	4	3
FakeTankVehicleComponentData	FakeTankVehicleComponentData	224	8	2
FastMotionComponent	FastMotionComponent	4	4	1
FireSourceComponent	FireSourceComponent	20	4	6
FireSourceComponentData	FireSourceComponentData	104	8	2
FogMachineComponent	FogMachineComponent	40	4	8
FogMachineComponentData	FogMachineComponentData	1584	8	2
FogVolumeSettings	FogVolumeSettings	72	8	14
FogVolumeShaderProperties	FogVolumeShaderProperties	24	8	2
FogVolumeShaderSetting	FogVolumeShaderSetting	32	4	4
FoleySetInfo	FoleySetInfo	512	4	1
FoleySoundComponent	FoleySoundComponent	3236	4	4
FoleySoundComponentData	FoleySoundComponentData	630728	8	2
FoleySourceInfo	FoleySourceInfo	16	4	4
FontLookup	FontLookup	24	8	2
FontLookupEntry	FontLookupEntry	24	8	3
FontSettings	FontSettings	112	8	8
FootstepEventComponent	FootstepEventComponent	3448	8	4
FootstepEventComponentData	FootstepEventComponentData	678600	8	2
FootstepSetInfo	FootstepSetInfo	344	8	2
FootstepSourceInfo	FootstepSourceInfo	56	8	10
FormationSettings	FormationSettings	376	8	30
FriendlyNpcComponent	FriendlyNpcComponent	2080	8	33
FriendlyNpcComponentData	FriendlyNpcComponentData	57024	8	2
GameEventShipComponent	GameEventShipComponent	6920	8	3
GameEventShipComponentData	GameEventShipComponentData	6952	8	2
GameModeComponent	GameModeComponent	76	4	19
GameModeComponentData	GameModeComponentData	2128	8	2
GameModeMissionComponent	GameModeMissionComponent	6	1	6
GameModeMissionComponentData	GameModeMissionComponentData	648	8	2
GatePlacementData	GatePlacementData	40	8	6
GenerationRegionGroup	GenerationRegionGroup	64	8	7
GenerationRegionSettings	GenerationRegionSettings	5136	8	43
GenerationRegionVariantList	GenerationRegionVariantList	48	8	5
GenerationRegionVariantSettings	GenerationRegionVariantSettings	56	8	9
GhostSquadComponent	GhostSquadComponent	4	4	1
GibEntity	GibEntity	88	8	4
GibEntityComponent	GibEntityComponent	52	4	10
GibEntityComponentData	GibEntityComponentData	1264	8	2
GoreComponent	GoreComponent	33488	8	8
GoreComponentData	GoreComponentData	7005680	8	2
GoreEffect	GoreEffect	16	8	3
GoreEffectPair	GoreEffectPair	32	8	2
GoreGroupInfo	GoreGroupInfo	872	8	18
GoreLinkInfo	GoreLinkInfo	36	4	5
GridMazeInfo	GridMazeInfo	8	4	2
GroundCheckComponent	GroundCheckComponent	20	4	5
GroundCheckComponentData	GroundCheckComponentData	12848	8	2
GuardForceComponent	GuardForceComponent	16	4	4
GuardForceComponentData	GuardForceComponentData	1008	8	2
GuardForceMemberInfo	GuardForceMemberInfo	40	8	7
GuardForceSpawnGroupInfo	GuardForceSpawnGroupInfo	648	8	2
GuardForceSpawnSetting	GuardForceSpawnSetting	648	8	1
GuidanceTargetComponent	GuidanceTargetComponent	124	4	19
GuidanceTargetComponentData	GuidanceTargetComponentData	1528	8	2
HealthComponent	HealthComponent	22096	8	51
HealthComponentData	HealthComponentData	11108224	8	2
HealthEventTrigger	HealthEventTrigger	20	4	5
HeatEffectSet	HeatEffectSet	52	4	5
HeatInjuryInfo	HeatInjuryInfo	24	8	5
HeatLevelSetting	HeatLevelSetting	24	8	5
HeatMaterialSetting	HeatMaterialSetting	72	4	4
HeightAreaIncrease	HeightAreaIncrease	24	4	6
HelldiverBody	HelldiverBody	32	8	6
HelldiverBodyTypePieces	HelldiverBodyTypePieces	24	8	2
HelldiverCustomizationKit	HelldiverCustomizationKit	64	8	11
HelldiverCustomizationKitMapData	HelldiverCustomizationKitMapData	16	8	1
HelldiverCustomizationKitMapEntry	HelldiverCustomizationKitMapEntry	16	8	2
HelldiverCustomizationPassiveBonusModifier	HelldiverCustomizationPassiveBonusModifier	16	4	4
HelldiverCustomizationPassiveBonusSettings	HelldiverCustomizationPassiveBonusSettings	56	8	6
HelldiverCustomizationPieceInfo	HelldiverCustomizationPieceInfo	96	8	13
HelldiverCustomizationStatModifier	HelldiverCustomizationStatModifier	12	4	3
HellpodComponent	HellpodComponent	104	4	25
HellpodComponentData	HellpodComponentData	1088	8	2
HellpodPayloadComponent	HellpodPayloadComponent	12	4	3
HellpodPayloadComponentData	HellpodPayloadComponentData	5072	8	2
HellpodRackComponent	HellpodRackComponent	568	8	13
HellpodRackComponentData	HellpodRackComponentData	42568	8	2
HintTriggerComponent	HintTriggerComponent	40	4	10
HintTriggerComponentData	HintTriggerComponentData	8640	8	2
HitEffectAudioParameter	HitEffectAudioParameter	132	4	2
HitEffectComponent	HitEffectComponent	48	4	5
HitEffectComponentData	HitEffectComponentData	23920	8	2
HitEffectInfo	HitEffectInfo	48	8	9
HitEffectLevelOverride	HitEffectLevelOverride	8	4	2
HitEffectPainOverride	HitEffectPainOverride	8	4	2
HitEffectSettings	HitEffectSettings	16	8	1
HitReactAbility	HitReactAbility	16	4	4
HitReactComponent	HitReactComponent	4836	4	17
HitReactComponentData	HitReactComponentData	944392	8	2
HitReactSet	HitReactSet	36	4	10
HitZoneClassValues	HitZoneClassValues	8	4	2
HiveLordComponent	HiveLordComponent	8	8	1
HiveLordComponentData	HiveLordComponentData	40	8	2
HiveMindComponent	HiveMindComponent	1084	4	18
HiveMindComponentData	HiveMindComponentData	22288	8	2
HoldInteractInfo	HoldInteractInfo	28	4	7
HoverComponent	HoverComponent	88	4	20
HoverComponentData	HoverComponentData	960	8	2
HudMarkerTypeOverride	HudMarkerTypeOverride	20	4	5
HugeExplosionComponent	HugeExplosionComponent	4	4	1
IdleAbilityComponent	IdleAbilityComponent	96	4	1
IdleAbilityComponentData	IdleAbilityComponentData	13312	8	2
IdleAbilityInfo	IdleAbilityInfo	12	4	3
IlluminateAttackShipComponent	IlluminateAttackShipComponent	4	4	1
InfluencerComponent	InfluencerComponent	4	4	1
InjuryEffectComponent	InjuryEffectComponent	4	4	1
InjuryEffectTypeInfo	InjuryEffectTypeInfo	16	4	5
InteractZoneInfo	InteractZoneInfo	136	4	36
InteractableComponent	InteractableComponent	1104	4	8
InteractableComponentData	InteractableComponentData	632752	8	2
InteractableMenuScreenComponent	InteractableMenuScreenComponent	48	8	8
InteractableMenuScreenComponentData	InteractableMenuScreenComponentData	1120	8	2
InteractableMinigameComponent	InteractableMinigameComponent	10424	8	6
InteractableMinigameComponentData	InteractableMinigameComponentData	794624	8	2
InteractableMinigameInfo	InteractableMinigameInfo	632	8	28
InteractableObjectiveTerminalComponent	InteractableObjectiveTerminalComponent	100	4	25
InteractableObjectiveTerminalComponentData	InteractableObjectiveTerminalComponentData	9640	8	2
InteractableStateSwitchComponent	InteractableStateSwitchComponent	264	4	20
InteractableStateSwitchComponentData	InteractableStateSwitchComponentData	7400	8	2
InteractorComponent	InteractorComponent	24	4	4
InteractorComponentData	InteractorComponentData	80	8	2
InventoryComponent	InventoryComponent	144	8	11
InventoryComponentData	InventoryComponentData	15280	8	2
JumppackComponent	JumppackComponent	280	4	53
JumppackComponentData	JumppackComponentData	1216	8	2
KeypadCodeEntryInfo	KeypadCodeEntryInfo	12	4	3
KeypadCodeRevealComponent	KeypadCodeRevealComponent	4	4	1
KeypadCodeRevealComponentData	KeypadCodeRevealComponentData	256	8	2
KillStreakComponent	KillStreakComponent	136	8	3
KillStreakComponentData	KillStreakComponentData	168	8	2
LandingZoneBeaconComponent	LandingZoneBeaconComponent	1	1	1
LandingZoneBeaconComponentData	LandingZoneBeaconComponentData	104	8	2
LanguageListEntry	LanguageListEntry	208	8	14
LanguageListSettings	LanguageListSettings	16	8	1
LanguageListSettingsInfo	LanguageListSettingsInfo	72	8	9
LanguageLocaleInfo	LanguageLocaleInfo	64	8	9
LaserDesignatorComponent	LaserDesignatorComponent	64	8	12
LaserDesignatorComponentData	LaserDesignatorComponentData	384	8	2
LevelGenerationLocation	LevelGenerationLocation	56	8	10
LevelGenerationLocationGroup	LevelGenerationLocationGroup	24	8	2
LevelGenerationLocationPath	LevelGenerationLocationPath	32	8	5
LevelGenerationPaletteGroup	LevelGenerationPaletteGroup	256	8	7
LevelGenerationPathSettings	LevelGenerationPathSettings	72	8	7
LevelGenerationPlanetData	LevelGenerationPlanetData	904	8	40
LevelGenerationPlanetInstance	LevelGenerationPlanetInstance	48	8	4
LevelGenerationRegion	LevelGenerationRegion	40	8	7
LevelGenerationResults	LevelGenerationResults	3	1	3
LevelGenerationSatellite	LevelGenerationSatellite	488	8	10
LevelGenerationSatelliteGroup	LevelGenerationSatelliteGroup	24	8	2
LevelGenerationSettings	LevelGenerationSettings	464	8	35
LevelGenerationSplineSettings	LevelGenerationSplineSettings	48	8	10
LevelGenerationStampPackageInfo	LevelGenerationStampPackageInfo	16	8	2
LevelGenerationSubRegionSpecialSettings	LevelGenerationSubRegionSpecialSettings	28	4	8
LevitationAreaComponent	LevitationAreaComponent	16	4	2
LevitationAreaComponentData	LevitationAreaComponentData	96	8	2
LightVariable	LightVariable	120	4	4
LightVariableAnimation	LightVariableAnimation	24	4	3
LinkedUnitsComponent	LinkedUnitsComponent	4	4	1
LoadoutEntryComponent	LoadoutEntryComponent	32	4	4
LoadoutEntryComponentData	LoadoutEntryComponentData	13128	8	3
LoadoutItem	LoadoutItem	32	8	5
LoadoutItemCategory	LoadoutItemCategory	24	8	2
LoadoutPackageComponent	LoadoutPackageComponent	32	8	5
LoadoutPackageComponentData	LoadoutPackageComponentData	34592	8	2
LocalUnitComponent	LocalUnitComponent	16	8	2
LocalUnitComponentData	LocalUnitComponentData	2736	8	2
LocationCluster	LocationCluster	224	8	5
LocationFlagSettings	LocationFlagSettings	16	4	4
LocationFlags	LocationFlags	1	1	5
LocationInstance	LocationInstance	264	8	19
LocationInstanceFlags	LocationInstanceFlags	2	2	9
LocationSatelliteUnion	LocationSatelliteUnion	16	8	2
LocationStampInfo	LocationStampInfo	456	8	54
LocationStampReference	LocationStampReference	16	4	5
LocomotionComponent	LocomotionComponent	4624	4	34
LocomotionComponentData	LocomotionComponentData	954448	8	2
LocomotionSet	LocomotionSet	556	4	16
LocomotionTurnRates	LocomotionTurnRates	8	4	2
LoopingSurfaceEffectsComponent	LoopingSurfaceEffectsComponent	4	4	1
LoopingSurfaceEffectsComponentData	LoopingSurfaceEffectsComponentData	400	8	2
LootComponent	LootComponent	144	8	14
LootComponentData	LootComponentData	6688	8	2
LootContainerComponent	LootContainerComponent	4	4	1
LootContainerComponentData	LootContainerComponentData	72	8	2
LootDropComponent	LootDropComponent	32	8	1
LootDropComponentData	LootDropComponentData	1664	8	2
LootInfo	LootInfo	16	4	4
MagazinePattern	MagazinePattern	132	4	2
MapLedge	MapLedge	8	4	2
MaterialSwap	MaterialSwap	16	8	2
MaterialSwapComponent	MaterialSwapComponent	1888	8	4
MaterialSwapComponentData	MaterialSwapComponentData	92160	8	2
MaterialSwapSlot	MaterialSwapSlot	136	8	2
MaterialVariable	MaterialVariable	240	4	8
MaterialVariableAnimation	MaterialVariableAnimation	32	4	5
MaterialVariableSetting	MaterialVariableSetting	32	8	4
MaterialVariableValue	MaterialVariableValue	20	4	2
MaterialVariablesComponent	MaterialVariablesComponent	1920	4	1
MaterialVariablesComponentData	MaterialVariablesComponentData	111264	8	2
MeleeAttackComponent	MeleeAttackComponent	16	4	4
MeleeAttackComponentData	MeleeAttackComponentData	7792	8	2
MeleeShieldComponent	MeleeShieldComponent	36	4	10
MeleeShieldComponentData	MeleeShieldComponentData	176	8	2
MeleeWeaponComponent	MeleeWeaponComponent	192	8	7
MeleeWeaponComponentData	MeleeWeaponComponentData	2464	8	2
MineSpawnerComponent	MineSpawnerComponent	32	8	7
MineSpawnerComponentData	MineSpawnerComponentData	512	8	2
MinefieldComponent	MinefieldComponent	44	4	11
MinefieldComponentData	MinefieldComponentData	1032	8	2
MinigameExternalSwitchesComponent	MinigameExternalSwitchesComponent	104	8	6
MinigameExternalSwitchesComponentData	MinigameExternalSwitchesComponentData	2856	8	2
MinigameRevertSettings	MinigameRevertSettings	8	4	2
MinigameScriptEvents	MinigameScriptEvents	24	4	6
MinigameStratagemArcadeComponent	MinigameStratagemArcadeComponent	44	4	11
MinigameStratagemArcadeComponentData	MinigameStratagemArcadeComponentData	80	8	2
MinigameStrings	MinigameStrings	24	4	6
MinigameWaitComponent	MinigameWaitComponent	88	8	3
MinigameWaitComponentData	MinigameWaitComponentData	6960	8	2
MinimapScatter	MinimapScatter	88	8	11
MinimapScatterSet	MinimapScatterSet	40	8	6
MissionDifficultyInfluenceModifier	MissionDifficultyInfluenceModifier	12	4	2
MissionDifficultyInfluenceSettings	MissionDifficultyInfluenceSettings	36	4	3
MissionDifficultyModifierSettings	MissionDifficultyModifierSettings	60	4	4
MissionDifficultyProgressSettings	MissionDifficultyProgressSettings	88	4	11
MissionDifficultySettings	MissionDifficultySettings	940	4	16
Modifier	Modifier	24	8	3
ModifierGroup	ModifierGroup	32	8	2
MotionComponent	MotionComponent	64	4	18
MotionComponentData	MotionComponentData	22656	8	2
MountComponent	MountComponent	120	8	1
MountComponentData	MountComponentData	24744	8	2
MountInfo	MountInfo	24	8	6
MoveInfo	MoveInfo	148	4	26
MoveSpeedModulation	MoveSpeedModulation	16	4	4
MoveSpeeds	MoveSpeeds	48	4	12
MovingHazardComponent	MovingHazardComponent	32	4	6
MovingHazardComponentData	MovingHazardComponentData	384	8	2
MultiTargetComponent	MultiTargetComponent	636	4	11
MultiTargetComponentData	MultiTargetComponentData	22016	8	2
MultiTargetInfo	MultiTargetInfo	48	4	7
MultiTargetLimits	MultiTargetLimits	24	4	6
MultiTargetVariableSet	MultiTargetVariableSet	68	4	12
MusicIntensifierComponent	MusicIntensifierComponent	24	4	6
MusicIntensifierComponentData	MusicIntensifierComponentData	7224	8	2
NavigationComponent	NavigationComponent	12	4	3
NavigationComponentData	NavigationComponentData	10872	8	2
NavmeshseedpointComponent	NavmeshseedpointComponent	4	4	1
NetworkOverrideComponent	NetworkOverrideComponent	4	4	1
NetworkPhysicsComponent	NetworkPhysicsComponent	16	4	5
NetworkPhysicsComponentData	NetworkPhysicsComponentData	13728	8	2
NoiseComponent	NoiseComponent	8	4	2
NoiseComponentData	NoiseComponentData	880	8	2
NpcDialogueComponent	NpcDialogueComponent	24	4	8
NpcDialogueComponentData	NpcDialogueComponentData	4312	8	2
ObjectiveCarryComponent	ObjectiveCarryComponent	128	8	26
ObjectiveCarryComponentData	ObjectiveCarryComponentData	6400	8	2
ObjectiveCarryDeliveryComponent	ObjectiveCarryDeliveryComponent	24	8	6
ObjectiveCarryDeliveryComponentData	ObjectiveCarryDeliveryComponentData	952	8	2
ObjectiveCarryDeployAreaComponent	ObjectiveCarryDeployAreaComponent	12	4	3
ObjectiveCarryDeployAreaComponentData	ObjectiveCarryDeployAreaComponentData	176	8	2
ObjectiveCollectResourcesComponent	ObjectiveCollectResourcesComponent	16	8	2
ObjectiveCollectResourcesComponentData	ObjectiveCollectResourcesComponentData	96	8	2
ObjectiveComponent	ObjectiveComponent	2768	8	34
ObjectiveComponentData	ObjectiveComponentData	607600	8	2
ObjectiveConvoyComponent	ObjectiveConvoyComponent	4	4	1
ObjectiveConvoyComponentData	ObjectiveConvoyComponentData	72	8	2
ObjectiveDeliverableVehicleComponent	ObjectiveDeliverableVehicleComponent	4	4	1
ObjectiveDeliverableVehicleComponentData	ObjectiveDeliverableVehicleComponentData	40	8	2
ObjectiveDynamicLinkComponent	ObjectiveDynamicLinkComponent	12	4	3
ObjectiveDynamicLinkComponentData	ObjectiveDynamicLinkComponentData	1984	8	2
ObjectiveEncounterTriggerComponent	ObjectiveEncounterTriggerComponent	84	4	4
ObjectiveEncounterTriggerComponentData	ObjectiveEncounterTriggerComponentData	816	8	2
ObjectiveError	ObjectiveError	8	4	2
ObjectiveOilRigComponent	ObjectiveOilRigComponent	32	8	4
ObjectiveOilRigComponentData	ObjectiveOilRigComponentData	256	8	2
ObjectivePreventInvasionComponent	ObjectivePreventInvasionComponent	344	8	19
ObjectivePreventInvasionComponentData	ObjectivePreventInvasionComponentData	376	8	2
ObjectivePropEffectsComponent	ObjectivePropEffectsComponent	12	4	3
ObjectiveRescuePointComponent	ObjectiveRescuePointComponent	128	8	1
ObjectiveRescuePointComponentData	ObjectiveRescuePointComponentData	160	8	2
ObjectiveRescueTypeSetting	ObjectiveRescueTypeSetting	16	8	3
ObjectiveSecureAreaComponent	ObjectiveSecureAreaComponent	68	4	20
ObjectiveSecureAreaComponentData	ObjectiveSecureAreaComponentData	472	8	2
ObjectiveShellComponent	ObjectiveShellComponent	32	8	4
ObjectiveShellComponentData	ObjectiveShellComponentData	512	8	2
ObjectiveShellRackComponent	ObjectiveShellRackComponent	12	4	3
ObjectiveShellRackComponentData	ObjectiveShellRackComponentData	48	8	2
ObjectiveShuttleControllerComponent	ObjectiveShuttleControllerComponent	64	8	10
ObjectiveShuttleControllerComponentData	ObjectiveShuttleControllerComponentData	480	8	2
ObjectiveStage	ObjectiveStage	288	8	31
ObjectiveStratagem	ObjectiveStratagem	16	4	7
ObjectiveUnitType	ObjectiveUnitType	24	8	4
ObjectiveVehicleDeliveryComponent	ObjectiveVehicleDeliveryComponent	8	4	2
ObjectiveVehicleDeliveryComponentData	ObjectiveVehicleDeliveryComponentData	40	8	2
ObjectiveWidgetPriorityComponent	ObjectiveWidgetPriorityComponent	4	4	1
ObjectiveWidgetPriorityComponentData	ObjectiveWidgetPriorityComponentData	544	8	2
ObstacleComponent	ObstacleComponent	68	4	2
ObstacleComponentData	ObstacleComponentData	704	8	2
ObstacleInfo	ObstacleInfo	8	4	2
OccupiedInteractableComponent	OccupiedInteractableComponent	4	4	1
OnDestroyedInfo	OnDestroyedInfo	64	4	4
OptionalLocation	OptionalLocation	32	8	7
OrbitalAbilityComponent	OrbitalAbilityComponent	552	8	19
OrbitalAbilityComponentData	OrbitalAbilityComponentData	1720	8	2
OrbitalShipComponent	OrbitalShipComponent	1	1	1
OrbitalShipComponentData	OrbitalShipComponentData	528	8	2
OrbitalTargetPriorityComponent	OrbitalTargetPriorityComponent	4	4	1
OrbitalTargetPriorityComponentData	OrbitalTargetPriorityComponentData	288	8	2
OverlapDamageComponent	OverlapDamageComponent	1544	8	2
OverlapDamageComponentData	OverlapDamageComponentData	99288	8	2
PackageLayerTagIndirection	PackageLayerTagIndirection	16	8	1
PackageLayerTagIndirectionPair	PackageLayerTagIndirectionPair	8	4	2
ParticleEffectSetting	ParticleEffectSetting	80	8	9
Passenger	Passenger	16	8	3
PassengerSquad	PassengerSquad	8	8	1
PathFlags	PathFlags	1	1	3
PathPoint	PathPoint	20	4	3
PathSegmentReference	PathSegmentReference	4	2	2
PathfindingSettings	PathfindingSettings	72	4	18
PatrolSpottingSettings	PatrolSpottingSettings	16	4	4
PhysicsImpactEffectComponent	PhysicsImpactEffectComponent	104	4	3
PhysicsImpactEffectComponentData	PhysicsImpactEffectComponentData	48416	8	2
PhysicsImpactEffectInfo	PhysicsImpactEffectInfo	24	4	6
PhysicsWeaponComponent	PhysicsWeaponComponent	4	4	1
PhysicsWeaponComponentData	PhysicsWeaponComponentData	40	8	2
PipeSlideInfo	PipeSlideInfo	20	4	5
PlanetAffiliation	PlanetAffiliation	2	2	16
PlanetAffiliationTemplate	PlanetAffiliationTemplate	4	2	2
PlanetOverrideSettings	PlanetOverrideSettings	16	8	1
PlanetOverrides	PlanetOverrides	40	8	4
PlanetRegionSettings	PlanetRegionSettings	128	8	14
PlayerComponent	PlayerComponent	4	4	1
PolicySetting	PolicySetting	16	4	4
PolicySettings	PolicySettings	32	8	2
PolicyUnlockedWeaponList	PolicyUnlockedWeaponList	24	8	2
PowerGeneratedComponent	PowerGeneratedComponent	4	4	1
PowerGeneratorComponent	PowerGeneratorComponent	8	4	2
PowerGeneratorComponentData	PowerGeneratorComponentData	200	8	2
PowerNodeComponent	PowerNodeComponent	4	4	1
PowerSwitchComponent	PowerSwitchComponent	20	4	7
PowerSwitchComponentData	PowerSwitchComponentData	1872	8	2
PowerSwitchTargetComponent	PowerSwitchTargetComponent	12	4	3
PowerSwitchTargetComponentData	PowerSwitchTargetComponentData	48	8	2
PoweredDeathSequenceComponent	PoweredDeathSequenceComponent	160	4	3
PoweredDeathSequenceComponentData	PoweredDeathSequenceComponentData	17280	8	2
PrespawnLocationComponent	PrespawnLocationComponent	16	8	2
PrespawnLocationComponentData	PrespawnLocationComponentData	48	8	2
ProductionSpawnPoint	ProductionSpawnPoint	4	4	1
ProjectileClusterComponent	ProjectileClusterComponent	12	4	3
ProjectileClusterComponentData	ProjectileClusterComponentData	48	8	2
ProjectileInfo	ProjectileInfo	272	8	68
ProjectileMultipliers	ProjectileMultipliers	48	4	12
ProjectileSettings	ProjectileSettings	16	8	1
ProjectileWeaponComponent	ProjectileWeaponComponent	616	8	57
ProjectileWeaponComponentData	ProjectileWeaponComponentData	176224	8	2
PublicAnnouncementSpeakerComponent	PublicAnnouncementSpeakerComponent	4	4	1
QuakeEffectSettings	QuakeEffectSettings	24	8	5
RackAttach	RackAttach	64	8	10
RagdollSyncComponent	RagdollSyncComponent	1736	8	14
RagdollSyncComponentData	RagdollSyncComponentData	132600	8	2
RainSoundComponent	RainSoundComponent	48	4	1
RainSoundInfo	RainSoundInfo	24	4	3
Random	Random	8	8	1
RandomSlotComponent	RandomSlotComponent	8	4	2
RandomSlotComponentData	RandomSlotComponentData	120	8	2
RandomVideo	RandomVideo	20	4	5
RaycastSchedulerComponent	RaycastSchedulerComponent	320	4	1
RaycastSchedulerComponentData	RaycastSchedulerComponentData	352	8	2
ReactiveAbilityData	ReactiveAbilityData	16	4	3
RechargeComponent	RechargeComponent	4	4	1
RechargeComponentData	RechargeComponentData	112	8	2
RecoilComponentInfo	RecoilComponentInfo	28	4	6
RecoilInfo	RecoilInfo	60	4	3
RecoilModifiers	RecoilModifiers	24	4	6
RefKsInfo	RefKsInfo	20	4	5
RegionBlocksArray	RegionBlocksArray	20	4	2
RegionLightingSettings	RegionLightingSettings	16	8	2
RegionSettings	RegionSettings	32	4	4
RegionWeight	RegionWeight	4	1	1
ReinforcementLocationComponent	ReinforcementLocationComponent	4	4	1
ReinforcementLocationComponentData	ReinforcementLocationComponentData	40	8	2
ReloadAbortCustomEvent	ReloadAbortCustomEvent	12	4	3
ReloadFastSettings	ReloadFastSettings	8	4	2
ReloadResumeInfo	ReloadResumeInfo	4	4	1
RemoteTriggerComponent	RemoteTriggerComponent	4	4	1
RemoteTriggerComponentData	RemoteTriggerComponentData	40	8	2
ResourceDependencyComponent	ResourceDependencyComponent	88	8	2
ResourceDependencyComponentData	ResourceDependencyComponentData	65624	8	2
ResourceOverride	ResourceOverride	24	8	3
ResourceSwap	ResourceSwap	48	8	4
ResourceTagOverload	ResourceTagOverload	1576	8	6
RoadFlags	RoadFlags	1	1	3
RoadJunction	RoadJunction	1052	4	8
RoadJunctionConnection	RoadJunctionConnection	60	4	11
RoadsData	RoadsData	64	8	7
RotationComponent	RotationComponent	312	4	22
RotationComponentData	RotationComponentData	77368	8	2
RotationSoundPlayerComponent	RotationSoundPlayerComponent	60	4	2
RotationSoundPlayerComponentData	RotationSoundPlayerComponentData	832	8	2
Route	Route	72	8	17
RouteCell	RouteCell	272	8	16
RouteNavigationComponent	RouteNavigationComponent	4	4	1
RouteNavigationComponentData	RouteNavigationComponentData	832	8	2
RoutePoint	RoutePoint	152	8	6
RouteSettingReference	RouteSettingReference	24	8	5
RouteSettings	RouteSettings	120	8	2
RouteTypeRequest	RouteTypeRequest	9	1	1
SatelliteInstance	SatelliteInstance	24	8	3
SavedPlanetTerritoryGraph	SavedPlanetTerritoryGraph	56	8	5
ScenarioSetting	ScenarioSetting	48	8	8
ScenarioSettings	ScenarioSettings	48	8	5
ScoreComponent	ScoreComponent	4	4	1
ScoreDealerField	ScoreDealerField	20	4	2
ScoreDealerStats	ScoreDealerStats	328	8	2
ScoreField	ScoreField	16	4	4
SearchLightSettings	SearchLightSettings	32	4	4
SearchlightEnemyComponent	SearchlightEnemyComponent	64	4	1
SearchlightEnemyComponentData	SearchlightEnemyComponentData	192	8	2
SeatCollectionComponent	SeatCollectionComponent	424	8	20
SeatCollectionComponentData	SeatCollectionComponentData	25536	8	2
SeaterComponent	SeaterComponent	4	4	1
SeekingMissileComponent	SeekingMissileComponent	272	8	42
SeekingMissileComponentData	SeekingMissileComponentData	8816	8	2
SeekingMissileDeviationSettings	SeekingMissileDeviationSettings	68	4	13
SensorDangerComponent	SensorDangerComponent	12	4	3
SensorDangerComponentData	SensorDangerComponentData	8320	8	2
SensorEarComponent	SensorEarComponent	16	4	4
SensorEarComponentData	SensorEarComponentData	8880	8	2
SensorEyeComponent	SensorEyeComponent	44	4	11
SensorEyeComponentData	SensorEyeComponentData	23832	8	2
SensorProximityComponent	SensorProximityComponent	4	4	1
SensorProximityComponentData	SensorProximityComponentData	144	8	2
ShaderProperties	ShaderProperties	24	8	2
ShaderSetting	ShaderSetting	28	4	3
ShaderValue	ShaderValue	20	4	2
ShieldComponent	ShieldComponent	344	8	49
ShieldComponentData	ShieldComponentData	5984	8	2
ShieldControllerComponent	ShieldControllerComponent	8	8	1
ShieldControllerComponentData	ShieldControllerComponentData	40	8	2
ShieldHitFilterComponent	ShieldHitFilterComponent	4	4	1
ShieldHitFilterComponentData	ShieldHitFilterComponentData	40	8	2
ShipAttackEvent	ShipAttackEvent	32	8	4
ShipComponent	ShipComponent	8	4	2
ShipComponentData	ShipComponentData	40	8	2
ShipCustomizationColorTargetInfo	ShipCustomizationColorTargetInfo	12	4	3
ShipCustomizationComponent	ShipCustomizationComponent	12336	8	1
ShipCustomizationComponentData	ShipCustomizationComponentData	12368	8	2
ShipCustomizationMaterialTargetInfo	ShipCustomizationMaterialTargetInfo	8	4	2
ShipCustomizationTargetComponent	ShipCustomizationTargetComponent	68	4	4
ShipCustomizationTargetComponentData	ShipCustomizationTargetComponentData	504	8	2
ShipCustomizationTextureTargetInfo	ShipCustomizationTextureTargetInfo	12	4	3
ShipElevatorComponent	ShipElevatorComponent	4	4	1
ShipExternalComponent	ShipExternalComponent	4	4	1
ShipHellpodComponent	ShipHellpodComponent	4	4	1
ShipHellpodComponentData	ShipHellpodComponentData	72	8	2
ShipInventoryComponent	ShipInventoryComponent	8	4	2
ShipInventoryComponentData	ShipInventoryComponentData	40	8	2
ShipLightSetting	ShipLightSetting	200	8	7
ShipLightStateSetting	ShipLightStateSetting	32	8	4
ShipMasterComponent	ShipMasterComponent	132	4	3
ShipMasterComponentData	ShipMasterComponentData	168	8	2
ShipModulesSyncComponent	ShipModulesSyncComponent	40	8	1
ShipModulesSyncComponentData	ShipModulesSyncComponentData	72	8	2
ShipPropVisibilityComponent	ShipPropVisibilityComponent	36	4	3
ShipPropVisibilityComponentData	ShipPropVisibilityComponentData	72	8	2
ShipTeleporterComponent	ShipTeleporterComponent	12	4	3
ShipTeleporterComponentData	ShipTeleporterComponentData	48	8	2
ShipVideoComponent	ShipVideoComponent	4	4	1
ShowOnMapComponent	ShowOnMapComponent	48	8	12
ShowOnMapComponentData	ShowOnMapComponentData	2080	8	2
SiegeEngineComponent	SiegeEngineComponent	4	4	1
SkySetting	SkySetting	264	4	42
SkySettings	SkySettings	24	8	2
SolarSystemObjectSettings	SolarSystemObjectSettings	200	8	16
SolarSystemObjectType	SolarSystemObjectType	24	8	2
SolarSystemObjectTypeSettings	SolarSystemObjectTypeSettings	96	8	13
SolarSystemObjectTypes	SolarSystemObjectTypes	16	8	1
SolarSystemSetting	SolarSystemSetting	280	8	9
SolarSystemSettings	SolarSystemSettings	24	8	2
SosComponent	SosComponent	4	4	1
SoundSourceEntry	SoundSourceEntry	28	4	7
SpawnAbility	SpawnAbility	8	4	2
SpawnLane	SpawnLane	20	4	5
SpawnLinkComponent	SpawnLinkComponent	28	4	7
SpawnLinkComponentData	SpawnLinkComponentData	1800	8	2
SpawnOnPlayersComponent	SpawnOnPlayersComponent	56	8	12
SpawnOnPlayersComponentData	SpawnOnPlayersComponentData	2552	8	2
SpawnUnitEffectSettings	SpawnUnitEffectSettings	136	8	14
SpeedRange	SpeedRange	32	4	8
SphereOverlapComponent	SphereOverlapComponent	12	4	3
SplineTypeMaterial	SplineTypeMaterial	8	4	2
SpottableComponent	SpottableComponent	72	8	10
SpottableComponentData	SpottableComponentData	72072	8	2
SprayCapsuleOverlap	SprayCapsuleOverlap	8	4	2
SprayWeaponComponent	SprayWeaponComponent	224	8	16
SprayWeaponComponentData	SprayWeaponComponentData	6112	8	2
SprayWeaponStateInfo	SprayWeaponStateInfo	56	8	6
SpreadInfo	SpreadInfo	12	4	3
SpreadModifiers	SpreadModifiers	8	4	2
SquadTransportComponent	SquadTransportComponent	136	8	11
SquadTransportComponentData	SquadTransportComponentData	1008	8	2
SquadTransportFormationComponent	SquadTransportFormationComponent	48	4	1
SquadTransportFormationComponentData	SquadTransportFormationComponentData	7200	8	2
SquadVehicle	SquadVehicle	8	8	1
Stamp	Stamp	104	8	8
StampCircle	StampCircle	20	4	4
StampDiscriminationContext	StampDiscriminationContext	8	4	2
StampEntry	StampEntry	12	4	4
StampExtension	StampExtension	56	8	7
StampGroup	StampGroup	112	8	22
StampGroupFlags	StampGroupFlags	2	2	11
StampHashEntry	StampHashEntry	112	8	2
StampHashMap	StampHashMap	16	8	1
StampHeaderInfo	StampHeaderInfo	4	4	1
StampInfo	StampInfo	104	8	10
StampInfoUnion	StampInfoUnion	16	8	2
StampOverlapSettings	StampOverlapSettings	12	4	3
StampPlacement	StampPlacement	224	8	16
StampProxy	StampProxy	48	8	4
StampRaceAffiliation	StampRaceAffiliation	1	1	4
StampRectangle	StampRectangle	28	4	5
StampSegment	StampSegment	24	4	4
StampSpline	StampSpline	32	8	3
StampSplineConnection	StampSplineConnection	2	1	2
StampWeights	StampWeights	68	4	5
StanceComponent	StanceComponent	240	4	3
StanceComponentData	StanceComponentData	5984	8	2
StanceInfo	StanceInfo	80	4	12
StatModifierComponent	StatModifierComponent	4	4	1
StateSwitchAction	StateSwitchAction	12	4	3
StateSwitchAnimationSettings	StateSwitchAnimationSettings	16	4	4
StateSwitchSettings	StateSwitchSettings	40	4	6
StaticPositionComponent	StaticPositionComponent	1	1	1
StaticPositionComponentData	StaticPositionComponentData	3832	8	2
StaticRotationComponent	StaticRotationComponent	4	4	1
StaticSimpleMoverComponent	StaticSimpleMoverComponent	4	4	1
StatusEffectContinuousEffect	StatusEffectContinuousEffect	8	4	2
StatusEffectInfo	StatusEffectInfo	152	8	29
StatusEffectReceiverComponent	StatusEffectReceiverComponent	46600	8	4
StatusEffectReceiverComponentData	StatusEffectReceiverComponentData	15155368	8	2
StatusEffectSettings	StatusEffectSettings	16	8	1
StatusEffectSusceptibility	StatusEffectSusceptibility	176	8	13
StatusEffectTemplate	StatusEffectTemplate	40	4	3
StatusEffectTemplates	StatusEffectTemplates	16	8	1
StatusEffectTimedSphericalTemplate	StatusEffectTimedSphericalTemplate	56	4	5
StatusEffectVolumeComponent	StatusEffectVolumeComponent	740	4	2
StatusEffectVolumeComponentData	StatusEffectVolumeComponentData	6176	8	2
StatusEffectVolumeInfo	StatusEffectVolumeInfo	92	4	7
StatusEffectZoneInfo	StatusEffectZoneInfo	5816	8	3
SteepSlopeMovementInfo	SteepSlopeMovementInfo	56	4	14
StickyComponent	StickyComponent	76	4	19
StickyComponentData	StickyComponentData	2056	8	2
StorageSlot	StorageSlot	16	4	2
StoryInteractableComponent	StoryInteractableComponent	56	8	6
StoryInteractableComponentData	StoryInteractableComponentData	5280	8	2
StratagemBallComponent	StratagemBallComponent	216	8	19
StratagemBallComponentData	StratagemBallComponentData	248	8	2
StratagemBlockerComponent	StratagemBlockerComponent	20	4	5
StratagemBlockerComponentData	StratagemBlockerComponentData	368	8	2
StratagemCallInLogic	StratagemCallInLogic	2	2	9
StratagemComboInfo	StratagemComboInfo	48	4	2
StratagemComponent	StratagemComponent	4	4	1
StratagemCustomizationInfo	StratagemCustomizationInfo	64	8	12
StratagemCustomizationTypeInfo	StratagemCustomizationTypeInfo	1	1	7
StratagemCustomizations	StratagemCustomizations	16	8	1
StratagemFiresupportComponent	StratagemFiresupportComponent	4	4	1
StratagemFiresupportComponentData	StratagemFiresupportComponentData	576	8	2
StratagemInfo	StratagemInfo	400	8	67
StratagemInfoFlag	StratagemInfoFlag	4	4	29
StratagemScramblerComponent	StratagemScramblerComponent	28	4	8
StratagemScramblerComponentData	StratagemScramblerComponentData	240	8	2
StratagemSettings	StratagemSettings	16	8	1
SubRegionCell	SubRegionCell	32	8	6
SubRegionSettings	SubRegionSettings	68	4	13
SubRegionSettingsOverride	SubRegionSettingsOverride	28	4	7
SubRegionSpecial	SubRegionSpecial	1	1	1
SubregionVoronoiCell	SubregionVoronoiCell	144	8	3
SubregionVoronoiCorner	SubregionVoronoiCorner	144	8	3
SubregionVoronoiEdge	SubregionVoronoiEdge	48	8	3
SurfaceEffectInfo	SurfaceEffectInfo	40	8	8
SurfaceEffectSettings	SurfaceEffectSettings	16	8	1
SusceptibilityEffect	SusceptibilityEffect	16	8	2
SuspensionInfo	SuspensionInfo	24	8	3
SwitchInstance	SwitchInstance	16	4	4
SwitchesInfo	SwitchesInfo	160	4	9
SyncedHealthComponent	SyncedHealthComponent	4	4	1
SyncedInstigatorAbility	SyncedInstigatorAbility	48	4	13
SyncedReceiverAbility	SyncedReceiverAbility	68	4	14
TagComponent	TagComponent	544	8	2
TagComponentData	TagComponentData	323136	8	2
TankComponent	TankComponent	4	4	1
TargetAimConstraintComponent	TargetAimConstraintComponent	104	4	8
TargetAimConstraintComponentData	TargetAimConstraintComponentData	30872	8	2
TargetableFleetShipComponent	TargetableFleetShipComponent	8	8	1
TargetableFleetShipComponentData	TargetableFleetShipComponentData	80	8	2
TargetingComponent	TargetingComponent	64	4	19
TargetingComponentData	TargetingComponentData	28320	8	2
TerritoryCell	TerritoryCell	136	4	7
TerritoryEdge	TerritoryEdge	48	4	4
ThrowInfo	ThrowInfo	8	4	2
ThrowableComponent	ThrowableComponent	360	8	42
ThrowableComponentData	ThrowableComponentData	18032	8	2
ThrowerComponent	ThrowerComponent	752	8	1
ThrowerComponentData	ThrowerComponentData	4672	8	2
ThrusterGroupComponent	ThrusterGroupComponent	352	4	13
ThrusterGroupComponentData	ThrusterGroupComponentData	10368	8	2
ThrusterInfo	ThrusterInfo	76	4	13
TrampleComponent	TrampleComponent	56	4	2
TrampleComponentData	TrampleComponentData	13640	8	2
TrampleFootInfo	TrampleFootInfo	8	4	2
TrampleMaterialDepthInfo	TrampleMaterialDepthInfo	8	4	2
TransportComponent	TransportComponent	40	4	8
TransportComponentData	TransportComponentData	1008	8	2
TransportFormation	TransportFormation	24	4	6
TravelerSettings	TravelerSettings	8	4	2
TriggerAreaLogicComponent	TriggerAreaLogicComponent	64	8	5
TriggerAreaLogicComponentData	TriggerAreaLogicComponentData	768	8	2
TruthTransmitterFactionComponent	TruthTransmitterFactionComponent	384	8	1
TruthTransmitterFactionComponentData	TruthTransmitterFactionComponentData	416	8	2
TurnRange	TurnRange	16	4	4
TurretComponent	TurretComponent	76	4	19
TurretComponentData	TurretComponentData	7960	8	2
TutorialComponent	TutorialComponent	260	4	2
TutorialComponentData	TutorialComponentData	296	8	2
TutorialTargetRangeComponent	TutorialTargetRangeComponent	124	4	4
TutorialTargetRangeComponentData	TutorialTargetRangeComponentData	312	8	2
TutorialTargetRangeStage	TutorialTargetRangeStage	16	4	5
TwoPointChainAttachTargetComponent	TwoPointChainAttachTargetComponent	8	8	1
TwoPointChainAttachTargetComponentData	TwoPointChainAttachTargetComponentData	120	8	2
TwoPointChainComponent	TwoPointChainComponent	136	8	28
TwoPointChainComponentData	TwoPointChainComponentData	504	8	2
UiFontSettingsEntry	UiFontSettingsEntry	72	8	8
UiFontStyleEntry	UiFontStyleEntry	12	4	3
UiHudFontStyleEntry	UiHudFontStyleEntry	16	4	2
UiMenuFontStyleEntry	UiMenuFontStyleEntry	16	4	2
UnitComponent	UnitComponent	136	8	7
UnitComponentData	UnitComponentData	284224	8	2
UnitConditionalSoundEffect	UnitConditionalSoundEffect	16	8	2
UnitCustomizationComponent	UnitCustomizationComponent	1080	8	4
UnitCustomizationComponentData	UnitCustomizationComponentData	105608	8	2
UnitCustomizationMaterialOverrides	UnitCustomizationMaterialOverrides	40	8	5
UnitCustomizationSetting	UnitCustomizationSetting	64	8	7
UnitCustomizationSettings	UnitCustomizationSettings	80	8	10
UnitEffectSetting	UnitEffectSetting	112	8	8
UnitEffectSettings	UnitEffectSettings	16	8	1
UnitMaterialTuple	UnitMaterialTuple	48	8	6
UnitNodeScale	UnitNodeScale	16	4	2
UnitSound	UnitSound	8	4	2
UnitVisibilityGroup	UnitVisibilityGroup	8	4	2
UploadDiscoveryComponent	UploadDiscoveryComponent	48	4	14
UploadDiscoveryComponentData	UploadDiscoveryComponentData	880	8	2
ValueAlignmentInfo	ValueAlignmentInfo	100	4	27
VehicleCollisionDamageComponent	VehicleCollisionDamageComponent	208	4	53
VehicleCollisionDamageComponentData	VehicleCollisionDamageComponentData	3360	8	2
VehicleCollisionInfo	VehicleCollisionInfo	20	4	5
VehicleCollisionInfoComponent	VehicleCollisionInfoComponent	4	4	1
VehicleCollisionInfoComponentData	VehicleCollisionInfoComponentData	6304	8	2
VehicleComponent	VehicleComponent	3704	8	52
VehicleComponentData	VehicleComponentData	78424	8	2
VehicleCrashComponent	VehicleCrashComponent	1728	8	13
VehicleCrashComponentData	VehicleCrashComponentData	31680	8	2
VehicleEffectInfo	VehicleEffectInfo	296	8	11
VehicleEffectParticleInfo	VehicleEffectParticleInfo	16	8	4
VehicleElectricsComponent	VehicleElectricsComponent	2592	8	8
VehicleElectricsComponentData	VehicleElectricsComponentData	34112	8	2
VehicleLightInfo	VehicleLightInfo	80	8	18
VehicleLocomotionComponent	VehicleLocomotionComponent	28	4	7
VehicleLocomotionComponentData	VehicleLocomotionComponentData	360	8	2
VehicleMotionComponent	VehicleMotionComponent	456	4	41
VehicleMotionComponentData	VehicleMotionComponentData	6832	8	2
VehicleOffroadModeInfo	VehicleOffroadModeInfo	12	4	3
VehiclePedalResistance	VehiclePedalResistance	8	4	2
VehicleShuttleComponent	VehicleShuttleComponent	28	4	8
VehicleShuttleComponentData	VehicleShuttleComponentData	664	8	2
VehicleSplashEffectInfo	VehicleSplashEffectInfo	160	8	6
VehicleStorageComponent	VehicleStorageComponent	128	4	1
VehicleStorageComponentData	VehicleStorageComponentData	160	8	2
VehicleTracksComponent	VehicleTracksComponent	1272	8	9
VehicleTracksComponentData	VehicleTracksComponentData	3912	8	2
VehicleWeatheringSettings	VehicleWeatheringSettings	16	4	4
VideoFlowSettings	VideoFlowSettings	32	8	2
VideoSegment	VideoSegment	112	8	19
VideoUIElement	VideoUIElement	120	8	26
VideoUISettings	VideoUISettings	16	8	1
VisibilityComponent	VisibilityComponent	12	4	3
VisibilityComponentData	VisibilityComponentData	3344	8	2
VisibilityMaskComponent	VisibilityMaskComponent	640	4	2
VisibilityMaskComponentData	VisibilityMaskComponentData	182784	8	2
VisibilityMaskFlip	VisibilityMaskFlip	32	4	2
VisibilityMaskInfo	VisibilityMaskInfo	8	4	3
VisibilityMaskRandomization	VisibilityMaskRandomization	32	4	2
VistaEffectComponent	VistaEffectComponent	4	4	1
VistaEffectComponentData	VistaEffectComponentData	40	8	2
VistaShipPositionComponent	VistaShipPositionComponent	16	4	2
VistaShipPositionComponentData	VistaShipPositionComponentData	144	8	2
VoIntensityComponent	VoIntensityComponent	124	4	2
VoIntensityComponentData	VoIntensityComponentData	160	8	2
VoIntensityLevel	VoIntensityLevel	40	4	10
VoronoiArea	VoronoiArea	136	8	2
VoronoiCorner	VoronoiCorner	72	8	2
VoronoiEdge	VoronoiEdge	48	8	3
WaitForBehaviorInfo	WaitForBehaviorInfo	2	1	2
WaitForCarryDeliveryInfo	WaitForCarryDeliveryInfo	4	4	1
WaitObjectiveStateInfo	WaitObjectiveStateInfo	8	4	2
WaitProgress	WaitProgress	12	4	3
WalkerFootInfo	WalkerFootInfo	28	4	7
WarAssignmentItemComponent	WarAssignmentItemComponent	4	4	1
WarGlobalResourceComponent	WarGlobalResourceComponent	4	4	1
WarHologramComponent	WarHologramComponent	44	4	11
WarHologramComponentData	WarHologramComponentData	80	8	2
WarMissionItemComponent	WarMissionItemComponent	4	4	1
WarOperationItemComponent	WarOperationItemComponent	4	4	1
WarPlanetComponent	WarPlanetComponent	4	4	1
WeaponAssistedReloadComponent	WeaponAssistedReloadComponent	104	4	14
WeaponAssistedReloadComponentData	WeaponAssistedReloadComponentData	816	8	2
WeaponAttachmentComponent	WeaponAttachmentComponent	4	4	1
WeaponAttachmentComponentData	WeaponAttachmentComponentData	400	8	2
WeaponCameraShakeInfo	WeaponCameraShakeInfo	32	8	5
WeaponCasingEffectInfo	WeaponCasingEffectInfo	72	8	10
WeaponChargeComponent	WeaponChargeComponent	216	8	22
WeaponChargeComponentData	WeaponChargeComponentData	2696	8	2
WeaponComponent	WeaponComponent	4	4	1
WeaponCustomizableItem	WeaponCustomizableItem	88	8	11
WeaponCustomizationComponent	WeaponCustomizationComponent	4872	8	26
WeaponCustomizationComponentData	WeaponCustomizationComponentData	941536	8	2
WeaponCustomizationSettings	WeaponCustomizationSettings	16	8	1
WeaponDataComponent	WeaponDataComponent	1232	8	77
WeaponDataComponentData	WeaponDataComponentData	462592	8	2
WeaponDefaultAttachment	WeaponDefaultAttachment	8	4	2
WeaponFlashlightComponent	WeaponFlashlightComponent	52	4	6
WeaponFlashlightComponentData	WeaponFlashlightComponentData	592	8	2
WeaponFunctionInfo	WeaponFunctionInfo	8	4	2
WeaponHeatBuildup	WeaponHeatBuildup	16	4	4
WeaponHeatComponent	WeaponHeatComponent	592	8	54
WeaponHeatComponentData	WeaponHeatComponentData	18688	8	2
WeaponLaserComponent	WeaponLaserComponent	24	8	4
WeaponLaserComponentData	WeaponLaserComponentData	560	8	2
WeaponLinkedAmmoComponent	WeaponLinkedAmmoComponent	56	8	12
WeaponLinkedAmmoComponentData	WeaponLinkedAmmoComponentData	584	8	2
WeaponLinkerComponent	WeaponLinkerComponent	12	4	3
WeaponLinkerComponentData	WeaponLinkerComponentData	144	8	2
WeaponMagazineAnimEvent	WeaponMagazineAnimEvent	12	4	3
WeaponMagazineComponent	WeaponMagazineComponent	160	4	9
WeaponMagazineComponentData	WeaponMagazineComponentData	52000	8	2
WeaponMaterialOverride	WeaponMaterialOverride	4480	8	2
WeaponReloadComponent	WeaponReloadComponent	80	4	10
WeaponReloadComponentData	WeaponReloadComponentData	27968	8	2
WeaponRoundsAmmoInfo	WeaponRoundsAmmoInfo	64	4	4
WeaponRoundsAmmoType	WeaponRoundsAmmoType	8	4	2
WeaponRoundsComponent	WeaponRoundsComponent	136	4	16
WeaponRoundsComponentData	WeaponRoundsComponentData	4336	8	2
WeaponScreenComponent	WeaponScreenComponent	4	4	1
WeaponScreenComponentData	WeaponScreenComponentData	72	8	2
WeaponStatModifierSetting	WeaponStatModifierSetting	8	4	2
WeaponTriggerSettings	WeaponTriggerSettings	52	4	13
WeaponWielderComponent	WeaponWielderComponent	36	4	10
WeaponWielderComponentData	WeaponWielderComponentData	14896	8	2
WeaponWindUpComponent	WeaponWindUpComponent	36	4	9
WeaponWindUpComponentData	WeaponWindUpComponentData	648	8	2
WeatherColorSet	WeatherColorSet	212	4	19
WeatherColorSets	WeatherColorSets	16	8	1
WeatherComponent	WeatherComponent	4	4	1
WeatherControlComponent	WeatherControlComponent	40	4	11
WeatherControlComponentData	WeatherControlComponentData	648	8	2
WeatherSettings	WeatherSettings	808	8	103
WeatheringComponent	WeatheringComponent	112	4	26
WeatheringComponentData	WeatheringComponentData	2448	8	2
WeightRuleContext	WeightRuleContext	48	8	9
WeightedEffectSetting	WeightedEffectSetting	56	8	2
WheelInfo	WheelInfo	64	4	16
WieldableComponent	WieldableComponent	32	4	8
WieldableComponentData	WieldableComponentData	32320	8	2
WindNoiseSettings	WindNoiseSettings	8	4	2
WorldLootManagerComponent	WorldLootManagerComponent	1548	4	11
WorldLootManagerComponentData	WorldLootManagerComponentData	30024	8	2
WorldLootSampleSpawnGroup	WorldLootSampleSpawnGroup	148	4	4
WoundSceneEnemies	WoundSceneEnemies	36	4	3
WoundableComponent	WoundableComponent	24	8	4
WoundableComponentData	WoundableComponentData	6272	8	2
WoundedState	WoundedState	8	4	2
ZoneSettings	ZoneSettings	912	8	99
ZoneWeight	ZoneWeight	8	4	2
a25bcf19	a25bcf19	12	4	3
a37022d5	a37022d5	12	4	3
a43a4273	a43a4273	40	8	2
a496a1cf	a496a1cf	24	8	4
a7e92f43	a7e92f43	8	4	2
a9672bfe	a9672bfe	16	4	4
ae76dd5d	ae76dd5d	36	4	2
ae970be7	ae970be7	32	8	5
aedced2d	aedced2d	12	1	3
afa85a2a	afa85a2a	2056	8	2
b1814da3	b1814da3	56	8	4
b24e0c4b	b24e0c4b	16	8	2
b3f1902d	b3f1902d	8	4	2
b488e2d9	b488e2d9	8	4	2
b6caff2e	b6caff2e	32	8	4
be991186	be991186	48	8	7
bfb43054	bfb43054	4	4	1
c0b58b68	c0b58b68	8	4	2
c4158b6a	c4158b6a	284	4	9
c9218f3b	c9218f3b	24	4	6
cbb54680	cbb54680	20	4	4
cdd41459	cdd41459	16	8	2
ce728ca9	ce728ca9	256	8	2
d34e38fb	d34e38fb	40	4	3
d6ab4e79	d6ab4e79	264	4	2
d74e6e1a	d74e6e1a	128	8	2
d8c3e99b	d8c3e99b	24	8	3
e2582184	e2582184	32	8	1
e371d70d	e371d70d	112	8	9
e3f485c7	e3f485c7	144	8	2
e5073b6a	e5073b6a	8	4	2
e76d0582	e76d0582	20	4	5
ed8aa652	ed8aa652	16	8	3
f2b2a229	f2b2a229	12	4	2
f34610e9	f34610e9	112	8	2
f453b4ab	f453b4ab	24	4	6
f579c11b	f579c11b	100	4	2
f8f9ec3e	f8f9ec3e	1000	8	116
f98c8720	f98c8720	12	4	3
fbbebf88	fbbebf88	40	4	8
